{"cameraMode":{"drawMode":0,"name":"Shaded","section":"Shading Mode"},"sceneLighting":true,"audioPlay":false,"sceneViewState":{"m_AlwaysRefresh":false,"showFog":true,"showSkybox":true,"showFlares":true,"showImageEffects":true,"showParticleSystems":true,"showVisualEffectGraphs":true,"m_FxEnabled":true},"in2DMode":false,"pivot":{"x":-0.5102537274360657,"y":0.16176994144916535,"z":-0.41656458377838137},"rotation":{"x":0.05440012738108635,"y":0.07899967581033707,"z":-0.004319221246987581,"w":0.9953862428665161},"size":0.010105923749506474,"orthographic":false}