{"cameraMode":{"drawMode":0,"name":"Shaded","section":"Shading Mode"},"sceneLighting":true,"audioPlay":false,"sceneViewState":{"m_AlwaysRefresh":false,"showFog":true,"showSkybox":true,"showFlares":true,"showImageEffects":true,"showParticleSystems":true,"showVisualEffectGraphs":true,"m_FxEnabled":true},"in2DMode":false,"pivot":{"x":0.20956262946128846,"y":0.15045905113220216,"z":-0.14063964784145356},"rotation":{"x":0.1966823786497116,"y":-0.016176950186491014,"z":0.003245297586545348,"w":0.9803311228752136},"size":0.010105923749506474,"orthographic":false}