{"cameraMode":{"drawMode":0,"name":"Shaded","section":"Shading Mode"},"sceneLighting":true,"audioPlay":false,"sceneViewState":{"m_AlwaysRefresh":false,"showFog":true,"showSkybox":true,"showFlares":true,"showImageEffects":true,"showParticleSystems":true,"showVisualEffectGraphs":true,"m_FxEnabled":true},"in2DMode":false,"pivot":{"x":0.06567500531673432,"y":0.012600000947713852,"z":-0.006550036836415529},"rotation":{"x":-0.018554655835032464,"y":0.07042960822582245,"z":0.0013102402444928885,"w":0.9973458647727966},"size":0.08131437003612519,"orthographic":false}