{"cameraMode":{"drawMode":0,"name":"Shaded","section":"Shading Mode"},"sceneLighting":true,"audioPlay":false,"sceneViewState":{"m_AlwaysRefresh":false,"showFog":true,"showSkybox":true,"showFlares":true,"showImageEffects":true,"showParticleSystems":true,"showVisualEffectGraphs":true,"m_FxEnabled":true},"in2DMode":false,"pivot":{"x":0.0018320083618164063,"y":0.16458335518836976,"z":-0.19673772156238557},"rotation":{"x":0.07333836704492569,"y":-0.05084027349948883,"z":0.0037435025442391636,"w":0.9960052371025086},"size":0.03442692011594772,"orthographic":false}