{"cameraMode":{"drawMode":0,"name":"Shaded","section":"Shading Mode"},"sceneLighting":true,"audioPlay":false,"sceneViewState":{"m_AlwaysRefresh":false,"showFog":true,"showSkybox":true,"showFlares":true,"showImageEffects":true,"showParticleSystems":true,"showVisualEffectGraphs":true,"m_FxEnabled":true},"in2DMode":false,"pivot":{"x":-0.059331655502319339,"y":-0.07337228953838349,"z":0.7205560207366943},"rotation":{"x":0.1458754539489746,"y":-3.123437153362829e-8,"z":-4.374458484335264e-8,"w":0.9893031716346741},"size":0.45555436611175539,"orthographic":false}