{"cameraMode":{"drawMode":0,"name":"Shaded","section":"Shading Mode"},"sceneLighting":true,"audioPlay":false,"sceneViewState":{"m_AlwaysRefresh":false,"showFog":true,"showSkybox":true,"showFlares":true,"showImageEffects":true,"showParticleSystems":true,"showVisualEffectGraphs":true,"m_FxEnabled":true},"in2DMode":false,"pivot":{"x":-0.006222173571586609,"y":0.1513935923576355,"z":-0.20154528319835664},"rotation":{"x":0.1748111993074417,"y":-0.11784201115369797,"z":0.02107870951294899,"w":0.9772990942001343},"size":0.03294442221522331,"orthographic":false}